<?xml version='1.0' encoding='utf-8' standalone='yes' ?>
<map>
    <int name="identity_version" value="2" />
    <boolean name="user_signed_out" value="true" />
    <string name="visitor_id">CgtnZ3VtQWM3NVZiZw%3D%3D</string>
    <string name="version">2.02.08</string>
    <boolean name="innertube_safety_mode_enabled" value="false" />
    <string name="apiary_device_id_YouTubeApplication">AHpbFOwb4omij3gkre+N5nmXXh56+VAH0FIbUDNtzgV0+IkFHn9Bh2QO0Qe+mFb6NSPBfBptb2Im0N3CmWZp300tQ8w9yxzKbTFEwRuy1tSqXbw2ng4d45RVuWZaMIMCP+Y+I/2NDq/7ng</string>
    <string name="ap_dev_reg">a7acb7b67c90fec4</string>
    <string name="apiary_device_key_YouTubeApplication">SG4imD+IdksHpJ3zND8S0RFFxPy30Xbw5i8cVq21
    </string>
</map>
